province,commandery,county,city
Bing 并州,Dingxiang 定襄,Luo 駱,
Bing 并州,Dingxiang 定襄,Shanwu 善無,
Bing 并州,Dingxiang 定襄,Tongguo 桐過,
Bing 并州,Dingxiang 定襄,Wucheng 武成,
Bing 并州,Dingxiang 定襄,Zhongling 中陵,
Bing 并州,Leping 樂平,,
Bing 并州,Shang 上,Baitu 白土,
Bing 并州,Shang 上,Diaoyin 雕陰,
Bing 并州,Shang 上,Dingyang 定陽,
Bing 并州,Shang 上,Fushi 膚施,Qiaomen 橋門 (town)
Bing 并州,Shang 上,Gaonu 高奴,
Bing 并州,Shang 上,Houguan 候官,
Bing 并州,Shang 上,Qiuci 龜茲,
Bing 并州,Shang 上,Qiyuan 漆垣,
Bing 并州,Shang 上,Sheyan 奢延,
Bing 并州,Shang 上,Zhenlin 楨林,
Bing 并州,Shangdang 上黨,Changzi 長子,
Bing 并州,Shangdang 上黨,Gaodou 高都,Tiankai 天開 (pass)
Bing 并州,Shangdang 上黨,Guyuan 穀遠,
Bing 并州,Shangdang 上黨,Huguan 壺關,Hukou 壺口 (pass)
Bing 并州,Shangdang 上黨,Liting 黎亭,
Bing 并州,Shangdang 上黨,Lu 潞,
Bing 并州,Shangdang 上黨,Nie 涅,
Bing 并州,Shangdang 上黨,Tongdi 銅鞮,
Bing 并州,Shangdang 上黨,Tonliu 屯留,Yuwu 余吾 (town)
Bing 并州,Shangdang 上黨,Xiangyuan 襄垣,
Bing 并州,Shangdang 上黨,Xuanshi 泫氏,Changpingting 長平亭 (town)
Bing 并州,Shangdang 上黨,Yang'a 陽阿,
Bing 并州,Shangdang 上黨,Yishi 陭氏,
Bing 并州,Shangdang 上黨,Zhan 沾,Eyuju 阏与聚 (town)
Bing 并州,Shangdang 上黨,Zhangzi 長子,
Bing 并州,Shuofang 朔方,Dacheng 大城,
Bing 并州,Shuofang 朔方,Guangmu 廣牧,
Bing 并州,Shuofang 朔方,Linrong 臨戎,
Bing 并州,Shuofang 朔方,Sanfeng 三封,
Bing 并州,Shuofang 朔方,Shuofang 朔方,
Bing 并州,Shuofang 朔方,Woye 沃野,
Bing 并州,Taiyuan 太原,Daling 大陵,
Bing 并州,Taiyuan 太原,Jiexiu 界休,Mianshangju 绵上聚 (town)
Bing 并州,Taiyuan 太原,Jinyang 晉陽,Fenyang 汾陽 (town)
Bing 并州,Taiyuan 太原,Jinyang 晉陽,Gengyangcheng 梗陽城
Bing 并州,Taiyuan 太原,Jingling 京陵,
Bing 并州,Taiyuan 太原,Langmeng 狼孟,
Bing 并州,Taiyuan 太原,Lüsi 慮虒,
Bing 并州,Taiyuan 太原,Pingtao 平陶,
Bing 并州,Taiyuan 太原,Qi 祁,
Bing 并州,Taiyuan 太原,Wu 鄔,
Bing 并州,Taiyuan 太原,Yangqu 陽曲,
Bing 并州,Taiyuan 太原,Yangyi 陽邑,Yangyi 陽邑 (city)
Bing 并州,Taiyuan 太原,Yangyi 陽邑,Jicheng 箕城 (town)
Bing 并州,Taiyuan 太原,Yu 盂,
Bing 并州,Taiyuan 太原,Yuci 榆次,
Bing 并州,Taiyuan 太原,Yuli 於離,
Bing 并州,Taiyuan 太原,Zhongdu 中都,
Bing 并州,Taiyuan 太原,Zishi 茲氏,
Bing 并州,Wuyuan 五原,Chengyi 成宜,
Bing 并州,Wuyuan 五原,Heyin 河陰,
Bing 并州,Wuyuan 五原,Jiuyuan 九原,Mu'er 木耳 (village)
Bing 并州,Wuyuan 五原,Linwo 臨沃,Chouyang 稠陽 (town)
Bing 并州,Wuyuan 五原,Manbai 曼柏,
Bing 并州,Wuyuan 五原,Wenguo 文國,
Bing 并州,Wuyuan 五原,Wuyuan 五原,
Bing 并州,Wuyuan 五原,Wudu 武都,
Bing 并州,Wuyuan 五原,Xi'anyang 西安陽,
Bing 并州,Wuyuan 五原,Yiliang 宜梁,
Bing 并州,Wuyuan 五原,Yunzhong 雲中,
Bing 并州,Xihe 西河,Gaolang 皋狼,
Bing 并州,Xihe 西河,Guangyan 廣衍,
Bing 并州,Xihe 西河,Huanyang 圜陽,
Bing 并州,Xihe 西河,Huanyin 圜陰,
Bing 并州,Xihe 西河,Lejie 樂街,
Bing 并州,Xihe 西河,Lin 藺,
Bing 并州,Xihe 西河,Lishi 離石,
Bing 并州,Xihe 西河,Meiji 美稷,
Bing 并州,Xihe 西河,Pingding 平定,
Bing 并州,Xihe 西河,Pinglu 平陸,
Bing 并州,Xihe 西河,Pingzhou 平周,
Bing 并州,Xihe 西河,Yilan 益蘭,
Bing 并州,Xihe 西河,Zhongyang 中陽,
Bing 并州,Xinxing 新興,,
Bing 并州,Yanmen 雁門,Fanzhi 繁峙,
Bing 并州,Yanmen 雁門,Guangwu 廣武,
Bing 并州,Yanmen 雁門,Guo 崞,
Bing 并州,Yanmen 雁門,Jiangyin 彊陰,
Bing 并州,Yanmen 雁門,Juyang 劇陽,
Bing 并州,Yanmen 雁門,Lie 埒,
Bing 并州,Yanmen 雁門,Loufan 樓煩,
Bing 并州,Yanmen 雁門,Lucheng 鹵城,Suiren 葰人 (town)
Bing 并州,Yanmen 雁門,Mayi 馬邑,Mayi 馬邑 (city)
Bing 并州,Yanmen 雁門,Pingcheng 平城,Baideng 白登 (town)
Bing 并州,Yanmen 雁門,Wangtao 汪陶,
Bing 并州,Yanmen 雁門,Wuzhou 武州,
Bing 并州,Yanmen 雁門,Yinguan 陰館,
Bing 并州,Yanmen 雁門,Yuanping 原平,
Bing 并州,Yunzhong 雲中,Beiyu 北輿,
Bing 并州,Yunzhong 雲中,Chengle 成樂,
Bing 并州,Yunzhong 雲中,Dingxiang 定襄,
Bing 并州,Yunzhong 雲中,Jiling 箕陵,
Bing 并州,Yunzhong 雲中,Shaling 沙陵,
Bing 并州,Yunzhong 雲中,Sha'nan 沙南,
Bing 并州,Yunzhong 雲中,Wujin 武進,
Bing 并州,Yunzhong 雲中,Wuquan 武泉,
Bing 并州,Yunzhong 雲中,Xianyang 咸陽,
Bing 并州,Yunzhong 雲中,Yuanyang 原陽,
Bing 并州,Yunzhong 雲中,Yunzhong 雲中,
Guang 廣州,Cangwu 蒼梧,Guangxin 廣信,
Guang 廣州,Gaoliang 鬱林,Sipin 思平,
Guang 廣州,Gaoxing 高興,Guanghua 廣化,
Guang 廣州,Guilin 桂林,Wu'an 武安,
Guang 廣州,Nanhai 南海,Panyu 番禺,
Guang 廣州,Northern Hepu 合浦北部尉,Anguan 安廣,
Guang 廣州,Yulin 鬱林,Bushan 布山,
Jiao 交州,Cangwu 蒼梧,,
Jiao 交州,Hepu 合浦,Hepu 合浦,
Jiao 交州,Jiaozhi 交趾,Longbian 龍編,
Jiao 交州,Jiuzhen 九眞,Xupu 胥浦,
Jiao 交州,Nanhai 南海,,
Jiao 交州,Rinan 日南,Zhuwu 朱吾,
Jiao 交州,Yulin 鬱林,,
Ji 冀州,Anping 安平,Anping 安平,
Ji 冀州,Anping 安平,Fucheng 阜城,
Ji 冀州,Anping 安平,Fuliu 扶柳,
Ji 冀州,Anping 安平,Guanjin 觀津,
Ji 冀州,Anping 安平,Jing 經,
Ji 冀州,Anping 安平,Nangong 南宮,
Ji 冀州,Anping 安平,Nanshenze 南深澤,
Ji 冀州,Anping 安平,Raoyang 饒陽,
Ji 冀州,Anping 安平,Tangyang 堂陽,
Ji 冀州,Anping 安平,Wusui 武遂,Wuyi 武邑 (city)
Ji 冀州,Anping 安平,Xiabo 下博,
Ji 冀州,Anping 安平,Xindou 信都,
Ji 冀州,Bohai 勃海,Chonghe 重合,
Ji 冀州,Bohai 勃海,Dongguang 東光,
Ji 冀州,Bohai 勃海,Fuyang 浮陽,
Ji 冀州,Bohai 勃海,Gaocheng 高城,
Ji 冀州,Bohai 勃海,Nanpi 南皮,
Ji 冀州,Bohai 勃海,Xiu 修,
Ji 冀州,Bohai 勃海,Yangxin 陽信,
Ji 冀州,Bohai 勃海,Zhangwu 章武,
Ji 冀州,Changshan 常山,Duxiang 都鄉,
Ji 冀州,Changshan 常山,Fangzi 房子,Gaoyi 高邑 (city)
Ji 冀州,Changshan 常山,Fangzi 房子,Qianquting 千秋亭 (town)
Ji 冀州,Changshan 常山,Fangzi 房子,Wuchengmo 五成陌 (town)
Ji 冀州,Changshan 常山,Jingxing 井陘,
Ji 冀州,Changshan 常山,Jiumen 九門,Gengxiang 耿鄉 (town)
Ji 冀州,Changshan 常山,Lingshou 靈壽,
Ji 冀州,Changshan 常山,Luancheng 欒城,
Ji 冀州,Changshan 常山,Nanxingtang 南行唐,
Ji 冀州,Changshan 常山,Pingji 平棘,
Ji 冀州,Changshan 常山,Puwu 蒲吾,
Ji 冀州,Changshan 常山,Shang'ai 上艾,
Ji 冀州,Changshan 常山,Yuanshi 元氏,
Ji 冀州,Changshan 常山,Zhending 真定,
Ji 冀州,Guangping 廣平,,
Ji 冀州,Hejian 河間,Chengping 成平,
Ji 冀州,Hejian 河間,Dongpingshu 東平舒,
Ji 冀州,Hejian 河間,Gaoyang 高陽,
Ji 冀州,Hejian 河間,Gonggao 弓高,
Ji 冀州,Hejian 河間,Lecheng 樂成,
Ji 冀州,Hejian 河間,Mao 鄚,
Ji 冀州,Hejian 河間,Shuzhou 束州,
Ji 冀州,Hejian 河間,Wen'an 文安,
Ji 冀州,Hejian 河間,Wuyuan 武垣,
Ji 冀州,Hejian 河間,Yi 易,Gecheng town 葛城
Ji 冀州,Hejian 河間,Zhongshui 中水,
Ji 冀州,Julu 鉅鹿,Chizhang 斥章,
Ji 冀州,Julu 鉅鹿,Guangnian 廣年,
Ji 冀州,Julu 鉅鹿,Guangping 廣平,
Ji 冀州,Julu 鉅鹿,Guangzong 廣宗,
Ji 冀州,Julu 鉅鹿,Julu 鉅鹿,
Ji 冀州,Julu 鉅鹿,Lieren 列人,
Ji 冀州,Julu 鉅鹿,Nanhe 南和,
Ji 冀州,Julu 鉅鹿,Nanluan 䜌 南,
Ji 冀州,Julu 鉅鹿,Pingxiang 平鄉,
Ji 冀州,Julu 鉅鹿,Qiao 鄡,
Ji 冀州,Julu 鉅鹿,Quzhou 曲周,
Ji 冀州,Julu 鉅鹿,Ren 任,
Ji 冀州,Julu 鉅鹿,Xiaquyang 下曲陽,
Ji 冀州,Julu 鉅鹿,Yangshi 楊氏,
Ji 冀州,Julu 鉅鹿,Yingtao 癭陶,
Ji 冀州,Leling 樂陵,,
Ji 冀州,Pingyuan 平原,,
Ji 冀州,Qinghe 清河,Beiqiu 貝丘,
Ji 冀州,Qinghe 清河,Dongwucheng 東武城,
Ji 冀州,Qinghe 清河,Ganling 甘陵,
Ji 冀州,Qinghe 清河,Guangchuan 廣川,
Ji 冀州,Qinghe 清河,Ling 靈,
Ji 冀州,Qinghe 清河,Shu 鄃,
Ji 冀州,Qinghe 清河,Yimu 繹幕,
Ji 冀州,Wei 魏,Chiqiu 斥丘,Ge town 葛
Ji 冀州,Wei 魏,Fanyang 繁陽,
Ji 冀州,Wei 魏,Guantao 館陶,
Ji 冀州,Wei 魏,Liangqi 梁期,
Ji 冀州,Wei 魏,Liyang 黎陽,
Ji 冀州,Wei 魏,Neihuang 內黃,
Ji 冀州,Wei 魏,Pingen 平恩,
Ji 冀州,Wei 魏,Qingyuan 清淵,
Ji 冀州,Wei 魏,Quliang 曲梁,
Ji 冀州,Wei 魏,Sha 沙,
Ji 冀州,Wei 魏,Wei 魏,
Ji 冀州,Wei 魏,Wu'an 武安,
Ji 冀州,Wei 魏,Ye 鄴,Jiuhoucheng 九侯城 (town)
Ji 冀州,Wei 魏,Ye 鄴,Pingyangcheng 平陽城 (town)
Ji 冀州,Wei 魏,Ye 鄴,Wucheng 武城 (town)
Ji 冀州,Wei 魏,Ye 鄴,Wucheng 污城 (town)
Ji 冀州,Wei 魏,Ye 鄴,Yin'an 陰安 (city)
Ji 冀州,Wei 魏,Yuancheng 元城,Shating 沙亭 (town)
Ji 冀州,Wei 魏,Yuancheng 元城,Wulucheng 五鹿城 (town)
Ji 冀州,Yangping 陽平,,
Ji 冀州,Zhao 趙,Handan 邯鄲,
Ji 冀州,Zhao 趙,Yiyang 易陽,Tantai 檀台 (town)
Ji 冀州,Zhao 趙,Xiangguo 襄國,
Ji 冀州,Zhao 趙,Bairen 柏人,
Ji 冀州,Zhao 趙,Zhongqiu 中丘,
Ji 冀州,Zhongshan 中山,Anguo 安國,
Ji 冀州,Zhongshan 中山,Anxi 安喜,
Ji 冀州,Zhongshan 中山,Beiping 北平,
Ji 冀州,Zhongshan 中山,Guangchang 廣昌,
Ji 冀州,Zhongshan 中山,Hanchang 漢昌,
Ji 冀州,Zhongshan 中山,Liwu 蠡吾,
Ji 冀州,Zhongshan 中山,Lunu 盧奴,
Ji 冀州,Zhongshan 中山,Puyin 蒲陰,
Ji 冀州,Zhongshan 中山,Shangquyang 上曲陽,Xiyangting 昔陽亭 (town)
Ji 冀州,Zhongshan 中山,Tang 唐,
Ji 冀州,Zhongshan 中山,Wangdu 望都,
Ji 冀州,Zhongshan 中山,Wuji 無極,
Ji 冀州,Zhongshan 中山,Xinshi 新市,Xianyuting 鮮虞亭 (town)
Jing 荆州,Changsha 長沙,,
Jing 荆州,Guiyang 桂陽,Guiyang 桂陽,Luju 卢聚 (town)
Jing 荆州,Jiangxia 江夏,Jingling marquisate 竟陵,Neifang 內方 (town)
Jing 荆州,Jiangxia 江夏,Jingling marquisate 竟陵,Yunxiang 鄖鄉 (town)
Jing 荆州,Jiangxia 江夏,Nanxinshi marquisate 南新市,Lixiangju 離鄉聚 (town)
Jing 荆州,Lingling 零陵,,
Jing 荆州,Nan 南,Jiangling 江陵,Danyangju 丹陽聚 (town)
Jing 荆州,Nan 南,Jiangling 江陵,Jinxiang 津鄉 (town)
Jing 荆州,Nan 南,Ruo marquisate 鄀,Lankouju 蓝口聚 (town)
Jing 荆州,Nan 南,Xiangyang 襄陽,Liqiucheng 犁丘城 (town)
Jing 荆州,Nanyang 南陽,Cuo 酇,Sheduxiang 涉都鄉 (town)
Jing 荆州,Nanyang 南陽,Cuo 酇,Jinxiang 津鄉 (town)
Jing 荆州,Nanyang 南陽,Danshui 丹水,Fengxiangcheng 豐鄉城 (town)
Jing 荆州,Nanyang 南陽,Danshui 丹水,Sanhuting 三戶亭 (town)
Jing 荆州,Nanyang 南陽,Deng 鄧,Youju town 鄾聚
Jing 荆州,Nanyang 南陽,Fuyang marquisate 復陽,Xingju town 杏聚
Jing 荆州,Nanyang 南陽,Huyang 湖陽,Huyang city 湖陽
Jing 荆州,Nanyang 南陽,Huyang 湖陽,Tangzixiang town 唐子鄉
Jing 荆州,Nanyang 南陽,Luyang 魯陽,Niulanleiting town 牛兰累亭
Jing 荆州,Nanyang 南陽,Nanxiang 南鄉,Zhangmixiang town 章密鄉
Jing 荆州,Nanyang 南陽,Pingshi 平氏,Yiqiuju town 宜秋聚
Jing 荆州,Nanyang 南陽,Shandu marquisate 山都,Hucheng town 和城
Jing 荆州,Nanyang 南陽,She 葉,Juancheng town 卷城
Jing 荆州,Nanyang 南陽,Sui 隨,Duansheqiu town 斷蛇丘
Jing 荆州,Nanyang 南陽,Sui 隨,Pinglin town 平林
Jing 荆州,Nanyang 南陽,Wan 宛,Nanjiuju town 南就聚
Jing 荆州,Nanyang 南陽,Wan 宛,Xiyangju town 夕陽聚
Jing 荆州,Nanyang 南陽,Zhangling 章陵,Baishuixiang town 白水鄉
Jing 荆州,Nanyang 南陽,Zhangling 章陵,Shangtangxiang town 上唐鄉
Jing 荆州,Nanyang 南陽,Zhi 雉,Dongwuting town 東武亭
Jing 荆州,Nanxiang 南鄉,,
Jing 荆州,Shangyong 上庸,,
Jing 荆州,Weixing 魏興,,
Jing 荆州,Wuling 武陵,,
Jing 荆州,Xiangyang 襄陽,,
Jing 荆州,Xincheng 新城,,
Jing 荆州,Zhangling 章陵,,
Liang 涼州,Anding 安定,,
Liang 涼州,Beidi 北地,,
Liang 涼州,Dunhuang 敦煌,,
Liang 涼州,Hanyang 漢陽,,
Liang 涼州,Hanzhong 漢中,Chenggu 成固,Dingyuan 定遠 (town)
Liang 涼州,Hanzhong 漢中,Chenggu 成固,Guixu 媯墟 (town)
Liang 涼州,Jincheng 金城,Linqiang 臨羌,Longqicheng 龍耆城 (town)
Liang 涼州,Jincheng 金城,Linqiang 臨羌,Yuanjie 允街 (town)
Liang 涼州,Jincheng 金城,Linqiang 臨羌,'Yuanya' 允吾 (capital city)
Liang 涼州,Jiuquan 酒泉,,
Liang 涼州,Longxi 隴西,Lintao,
Liang 涼州,Wudu 武都,,
Liang 涼州,Wuwei 武威,,
Liang 涼州,Xihai 西海,,
Liang 涼州,Xiping 西平,,
Liang 涼州,Zhangye 張掖,,
Ning 寧州,Jianning (since 225) 建寧,,
Ning 寧州,Yongchang 永昌,Ailao 哀牢,
Ning 寧州,Yongchang 永昌,Bisu 比蘇,
Ning 寧州,Yongchang 永昌,Bonan 博南,
Ning 寧州,Yongchang 永昌,Buwei 不韋,
Ning 寧州,Yongchang 永昌,Nanfu 南涪,
Ning 寧州,Yongchang 永昌,Suitang 巂唐,
Ning 寧州,Yongchang 永昌,Yongshou 永壽,
Ning 寧州,Yunnan 雲南,Gufu 姑復,
Ning 寧州,Yunnan 雲南,Longdong 梇棟,
Ning 寧州,Yunnan 雲南,Qingling 青蛉,
Ning 寧州,Yunnan 雲南,Suijiu 遂久,
Ning 寧州,Yunnan 雲南,Xielong 邪龍,
Ning 寧州,Yunnan 雲南,Yeyu 楪榆,
Ning 寧州,Yunnan 雲南,Yunnan 雲南,
Ning 寧州,Xinggu (since 225) 興古,Bengu 賁古,
Ning 寧州,Xinggu (since 225) 興古,Duofeng 鐸封,
Ning 寧州,Xinggu (since 225) 興古,Hanxing 漢興,
Ning 寧州,Xinggu (since 225) 興古,Jincheng 進乘,
Ning 寧州,Xinggu (since 225) 興古,Juting 句町,
Ning 寧州,Xinggu (since 225) 興古,Louwo 漏臥,
Ning 寧州,Xinggu (since 225) 興古,Wanwen 宛溫,
Ning 寧州,Xinggu (since 225) 興古,Xifeng 西豐,
Ning 寧州,Xinggu (since 225) 興古,Xisui 西隨,
Qing 靑州,Beihai 北海,Beihai 北海,Jicheng 纪城 (town)
Qing 靑州,Beihai 北海,Beihai 北海,Quqiuting 渠丘亭 (town)
Qing 靑州,Beihai 北海,Chunyu 淳于,Sangdu 桑犢 (town)
Qing 靑州,Beihai 北海,Duchang 都昌,Hanting 寒亭 (town)
Qing 靑州,Beihai 北海,Pingchang marquisate 平昌,Louxiang 蔞鄉 (town)
Qing 靑州,Beihai 北海,Pingshou 平壽,Zhencheng 斟城 (town)
Qing 靑州,Beihai 北海,Xiami 下密,Mixiang 密鄉 (town)
Qing 靑州,Chengyang 城陽,,
Qing 靑州,Donglai 東萊,,
Qing 靑州,Ji'nan 濟南,Dongpingling 東平陵,Julicheng 巨裡城 (town)
Qing 靑州,Ji'nan 濟南,Dongpingling 東平陵,Tancheng 谭城 (town)
Qing 靑州,Ji'nan 濟南,Licheng 歷城,Zhongcheng 钟城 (town)
Qing 靑州,Le'an 樂安,Bocheng 博昌,Baogucheng 薄姑城 (town)
Qing 靑州,Le'an 樂安,Bocheng 博昌,Beizhongju 貝中聚 (town)
Qing 靑州,Pingyuan 平原,Zhou'a 祝阿,Yejingting 野井亭 (town)
Qing 靑州,Qi 齊,,
Sili 司隸州,Hedong 河東,Anyi 安邑,Anyi 安邑 (city)
Sili 司隸州,Hedong 河東,Anyi 安邑,Yanjian 監 (town)
Sili 司隸州,Hedong 河東,Anyi 安邑,Yucheng 虞城 (town)
Sili 司隸州,Hedong 河東,Dongyuan 東垣,Huqiuting 壺丘亭 (town)
Sili 司隸州,Hedong 河東,Pishi 皮氏,Gengxiang 耿鄉 (town)
Sili 司隸州,Hedong 河東,Wenxi 聞喜,Jishanting 禝山亭 (town)
Sili 司隸州,Hedong 河東,Xie,
Sili 司隸州,Hedong 河東,Yang 楊,Gaoliangting 高梁亭 (town)
Sili 司隸州,Henan 河南,Luoyang 洛陽,Luoyang 洛陽 (city)
Sili 司隸州,Henan 河南,Rongyang 滎陽,
Sili 司隸州,Henan 河南,Zhongmou 中牟,
Sili 司隸州,Henei 河內,Shanyangyi 山陽邑,Shequanju 射犬聚 (town)
Sili 司隸州,Henei 河內,Wen 温,
Sili 司隸州,Hongnong 弘農,,
Sili 司隸州,Jingzhao 京兆,Baling 霸陵,Zhidaoting 枳道亭 (town)
Sili 司隸州,Jingzhao 京兆,Chang'an 長安,Chang'an 長安 (city)
Sili 司隸州,Jingzhao 京兆,Chang'an 長安,Duyou 杜邮 (town)
Sili 司隸州,Jingzhao 京兆,Chang'an 長安,Feng 豐 (town)
Sili 司隸州,Jingzhao 京兆,Chang'an 長安,Xiliu 细柳 (town)
Sili 司隸州,Jingzhao 京兆,Duling 杜陵,Changmenting 長門亭 (town)
Sili 司隸州,Jingzhao 京兆,Xinping 新豐,Hongmenting 鸿門亭 (town)
Sili 司隸州,Jingzhao 京兆,Xinping 新豐,Quyou 曲邮 (town)
Sili 司隸州,Jingzhao 京兆,Xinping 新豐,Xiting 戏亭 (town)
Sili 司隸州,Pingyang 平陽,,
Sili 司隸州,Shangdang 上黨,,
Sili 司隸州,Youfufeng 右扶風,,
Sili 司隸州,Zuopingyi 左馮翊,Wannian 萬年,Xiaguixian 下邽縣 (town)
Xu 徐州,Dongguan 東莞,,
Xu 徐州,Donghai 東海,Lanling 蘭陵,Cishiting 次室亭 (town)
Xu 徐州,Donghai 東海,Qu 朐,Yiluxiang 伊卢乡 (town)
Xu 徐州,Donghai 東海,Yinping 陰平,Jianyang 建陽 (town)
Xu 徐州,Guangling 廣陵,Jiangdu 江都,Donglingting 東陵亭 (town)
Xu 徐州,Langye 琅邪,Ju 莒,Pixiang town 邳鄉 (town)
Xu 徐州,Langye 琅邪,Ju 莒,Yunting town 郓亭 (town)
Xu 徐州,Langye 琅邪,Yangdu 陽都,Moutai 牟台 (town)
Xu 徐州,Langye 琅邪,Zeng 缯,Gaiteng 概亭 (town)
Xu 徐州,Pengcheng 彭城,Guangqi 廣戚,Sishuiting 泗水亭 (town)
Xu 徐州,Xiapi 下邳,Xiaqiu 夏丘,Louting 楼亭 (town)
Yan 兗州,Chenliu 陳留,Changyuan 長垣,Pucheng 葡城 (town)
Yan 兗州,Chenliu 陳留,Changyuan 長垣,Quqiuting 渠丘亭 (town)
Yan 兗州,Chenliu 陳留,Fengqiu 封丘,Huangchiting 黄池亭 (town)
Yan 兗州,Chenliu 陳留,Jiyu 己吾,Dajixiang 大棘鄉 (town)
Yan 兗州,Chenliu 陳留,Pingqiu 平丘,Linjiting 臨濟亭 (town)
Yan 兗州,Chenliu 陳留,Pingqiu 平丘,Kuangcheng 匡城 (town)
Yan 兗州,Chenliu 陳留,Pingqiu 平丘,Tonglaoting 桐牢亭 (town)
Yan 兗州,Chenliu 陳留,Xiangyi 襄邑,Xiangyi 襄邑 (city)
Yan 兗州,Chenliu 陳留,Xiangyi 襄邑,Chengkuangcheng 枣匡城 (town)
Yan 兗州,Chenliu 陳留,Xiaohuang 小黃,Mingyanting 鳴雁亭 (town)
Yan 兗州,Chenliu 陳留,Yongqiu 雍丘,Gaoyangting 高陽亭 (town)
Yan 兗州,Chenliu 陳留,Yongqiu 雍丘,Huating 滑亭 (town)
Yan 兗州,Dong 東,Boma 白馬,Weixiang 韋鄉 (town)
Yan 兗州,Dong 東,Dongwuyang 東武陽,Cangting 倉亭 (village)
Yan 兗州,Dong 東,Dunqiu 頓丘,Gancheng 竿城 (town)
Yan 兗州,Dong 東,Gucheng 穀城,Qingting 清亭 (town)
Yan 兗州,Dong 東,Fan 範,Qinting 秦亭 (town)
Yan 兗州,Dong 東,Liaocheng 聊城,Yiyiju 夷仪聚 (town)
Yan 兗州,Dong 東,Puyang 濮陽,Chucheng 鉏城 (town)
Yan 兗州,Dong 東,Puyang 濮陽,Xiancheng 咸城 (town)
Yan 兗州,Dong 東,Wei duchy 衛,Hemucheng 河牧城 (town)
Yan 兗州,Dong 東,Yan 燕,Pingyuanting 平原亭 (town)
Yan 兗州,Dong 東,Yan 燕,Taocheng 桃城 (town)
Yan 兗州,Dong 東,Yan 燕,Wating 瓦亭 (town)
Yan 兗州,Dong 東,Yan 燕,Zuocheng 胙城 (town)
Yan 兗州,Dongping 東平,Shouzhang 壽張,Hanting 闞亭 (town)
Yan 兗州,Dongping 東平,Shouzhang 壽張,Zhimicheng 緻密城 (town)
Yan 兗州,Dongping 東平,Yuanju 冤句,Zhuzaocheng 煮枣城 (town)
Yan 兗州,Dongping 東平,Zhang 鄣,Tangyangting 堂陽亭 (town)
Yan 兗州,Dongping 東平,Zhang 鄣,Zhangcheng 鄣城 (town)
Yan 兗州,Jibei 濟北,Lu 盧,Fangmen 防門 (town)
Yan 兗州,Jibei 濟北,Lu 盧,Feichengxian 肥城縣 (town)
Yan 兗州,Jibei 濟北,Lu 盧,Guangli 光裡 (town)
Yan 兗州,Jibei 濟北,Lu 盧,Pingyincheng 平陰城 (town)
Yan 兗州,Jibei 濟北,Sheqiu 蛇丘,Suixiang 遂鄉 (town)
Yan 兗州,Jiyin 濟陰,Chengwu 成武,Gaocheng 郜城 (town)
Yan 兗州,Jiyin 濟陰,Chengwu 成武,Xifang 西防 (town)
Yan 兗州,Jiyin 濟陰,Dingtao 定陶,Taoqiu 陶丘 (town)
Yan 兗州,Jiyin 濟陰,Juancheng 鄄城,Chuiting 垂亭 (town)
Yan 兗州,Jiyin 濟陰,Linqiu 廩丘,Gaoyucheng 高魚城 (town)
Yan 兗州,Jiyin 濟陰,Linqiu 廩丘,Yuncheng 運城 (town)
Yan 兗州,Rencheng 任城,Rencheng 任城,Taoju 桃聚 (town)
Yan 兗州,Shanyang 山陽,Changyi 昌邑,Changyi 昌邑 (city)
Yan 兗州,Shanyang 山陽,Changyi 昌邑,Liangqiucheng 梁丘城 (town)
Yan 兗州,Shanyang 山陽,Fangyu 方與,Nimuting 泥母亭 (town)
Yan 兗州,Shanyang 山陽,Fangyu 方與,Wutangting 武唐亭 (town)
Yan 兗州,Shanyang 山陽,Gaoping marquisate 高平,Maoxiangcheng 茅鄉城 (town)
Yan 兗州,Shanyang 山陽,Nanpingyang marquisate 南平陽,Lüqiuting 闾丘亭 (town)
Yan 兗州,Taishan 泰山,Bo 博,Longxiangcheng 龍鄉城 (town)
Yan 兗州,Taishan 泰山,Bo 博,Xiahuanting 下讙亭 (town)
Yan 兗州,Taishan 泰山,Fei 費,Bengting 祊亭 (town)
Yan 兗州,Taishan 泰山,Liangfu marquisate 梁甫,Tuqiuju 菟裘聚 (town)
Yan 兗州,Taishan 泰山,Nanwuyang 南武陽,Zhuanyucheng =顓臾城 (town)
Yang 扬州,Danyang 丹楊,Shicheng 石城,Niuzhu牛渚 (town)
Yang 扬州,Huainan 淮南,,
Yang 扬州,Jiujiang 九江,Xiacai 下蔡,
Yang 扬州,Kuaiji 會稽,Shangyu 上虞,
Yang 扬州,Lujiang 廬江,Liu'an 六安,Bo'an 博安 (town)
Yang 扬州,Lujiang 廬江,Shu 舒,Tongxiang 桐鄉 (town)
Yang 扬州,Lujiang 廬江,Juchao marquisate 居巢,Congyang 樅陽 (town)
Yang 扬州,Luling 廬陵,,
Yang 扬州,Poyang 鄱陽,,
Yang 扬州,Wu 吳,Fuchun,
Yang 扬州,Yuzhang 豫章,Nanchang 南昌,Huangjincai 黄金采 (town)
Yi 益州,Ba 巴,Dianjiang 墊江,
Yi 益州,Ba 巴,Jiangzhou 江州,
Yi 益州,Ba 巴,Linjiang 臨江,
Yi 益州,Ba 巴,Zhi 枳,Huangyou 黃右 (town)
Yi 益州,Badong 巴東,Yong'an 永安,Hanguan 扞關 (town)
Yi 益州,Guanghan 廣漢,Guanghan 廣漢,Pingyangxiang 平陽鄉 (town)
Yi 益州,Guanghan 廣漢,Luo 雒,
Yi 益州,Guanghan 廣漢,Mianzhu 綿竹,
Yi 益州,Guanghan 廣漢,Shifang 什邡,
Yi 益州,Guanghan 廣漢,Xindu 新都,
Yi 益州,Guanghan 廣漢,Yangquan 陽泉,
Yi 益州,Jiangyang 江陽,Fu 符,
Yi 益州,Jiangyang 江陽,Han'an 漢安,
Yi 益州,Jiangyang 江陽,Jiangyang 江陽,
Yi 益州,Jianning 建寧,Cun 存,Mayi 馬邑 (city)
Yi 益州,Jianning 建寧,Dianchi 滇池,
Yi 益州,Jianning 建寧,Guchang 穀昌,
Yi 益州,Jianning 建寧,Jianling 建伶,
Yi 益州,Jianning 建寧,Lianran 連然,
Yi 益州,Jianning 建寧,Mudan 母單,
Yi 益州,Jianning 建寧,Muma 牧麻,
Yi 益州,Jianning 建寧,Qinzang 秦臧,
Yi 益州,Jianning 建寧,Shuangbai 雙柏,
Yi 益州,Jianning 建寧,Shengxiu 勝休,
Yi 益州,Jianning 建寧,Tongjing 同井,
Yi 益州,Jianning 建寧,Tonglai 同瀨,
Yi 益州,Jianning 建寧,Tonglao 同勞,
Yi 益州,Jianning 建寧,Wei 味,
Yi 益州,Jianning 建寧,Xiuyun 修雲,
Yi 益州,Jianning 建寧,Yuyuan 俞元,
Yi 益州,Jiangwei 犍為,Bodao 僰道,
Yi 益州,Jiangwei 犍為,Nan'an 南安,Yufujin 魚涪津 (town)
Yi 益州,Jiangwei 犍為,Niubing 牛鞞,
Yi 益州,Jiangwei 犍為,Wuyang 武陽,Pengwangju 彭亡聚 (town)
Yi 益州,Jiangwei 犍為,Zhizhong 資中,
Yi 益州,Shu 蜀,Chengdu 成都,
Yi 益州,Shu 蜀,Fan 繁,
Yi 益州,Shu 蜀,Jiangyuan 江原,
Yi 益州,Shu 蜀,Linqiong 臨邛,
Yi 益州,Shu 蜀,Pi 郫,
Yi 益州,Yizhou 益州,Dianchi 滇池,
Yi 益州,Yongchang 永昌,Ailao 哀牢,
Yi 益州,Yongchang 永昌,Bisu 比蘇,
Yi 益州,Yongchang 永昌,Bonan 博南,
Yi 益州,Yongchang 永昌,Buwei 不韋,
Yi 益州,Yongchang 永昌,Nanfu 南涪,
Yi 益州,Yongchang 永昌,Suitang 巂唐,
Yi 益州,Yongchang 永昌,Yongshou 永壽,
Yi 益州,Yuexi 越巂,Anshang 安上,
Yi 益州,Yuexi 越巂,Beishui 卑水,
Yi 益州,Yuexi 越巂,Chan 闡,
Yi 益州,Yuexi 越巂,Dingzha 定苲,
Yi 益州,Yuexi 越巂,Huiwu 會無,
Yi 益州,Yuexi 越巂,Qianjie 潛街,
Yi 益州,Yuexi 越巂,Qiongdu 邛都,
Yi 益州,Yuexi 越巂,Sanfeng 三縫,
Yi 益州,Yuexi 越巂,Suqi 蘇祁,
Yi 益州,Yuexi 越巂,Taideng 臺登,
Yi 益州,Yuexi 越巂,Xindao 新道,
Yi 益州,Zangke 牂柯,Bi 鄨,
Yi 益州,Zangke 牂柯,Guangtan 廣談,
Yi 益州,Zangke 牂柯,Pingyi 平夷,
Yi 益州,Zangke 牂柯,Qielan 且蘭,
Yi 益州,Zangke 牂柯,Tanzhi 談指,
Yi 益州,Zangke 牂柯,Wulian 毋斂,
Yi 益州,Zangke 牂柯,Yelang 夜郎,
Yi 益州,Zhuti 朱提,Hanyang 漢陽,
Yi 益州,Zhuti 朱提,Nanguang 南廣,
Yi 益州,Zhuti 朱提,Nanchang 南昌,
Yi 益州,Zhuti 朱提,Tanglang 堂狼,
Yi 益州,Zhuti 朱提,Zhuti 朱提,
Yi 益州,Zitong 梓潼,Baishui 白水,Baishuiguan 白水關 (town)
Yi 益州,Zitong 梓潼,Zitong 梓潼,Deyangguzhi 德阳故治 (town)
Yong 雍州,Anding 安定,,
Yong 雍州,Beidi 北地,,
Yong 雍州,Fufeng 扶風,,
Yong 雍州,Guangwei 廣魏,,
Yong 雍州,Jingzhao 京兆,,
Yong 雍州,Longxi 隴西,,
Yong 雍州,Nan'an 南安,,
Yong 雍州,Pingyi 馮翊,,
Yong 雍州,Tianshui 天水,,
Yong 雍州,Xinping 新平,,
You 幽州,Changli 昌黎,,
You 幽州,Dai 代,Banshi 班氏,
You 幽州,Dai 代,Beipingyi 北平邑,Beipingyi 北平邑 (city)
You 幽州,Dai 代,Dai 代,
You 幽州,Dai 代,Daoren 道人,
You 幽州,Dai 代,Dangcheng 當城,
You 幽州,Dai 代,Donganyang 東安陽,
You 幽州,Dai 代,Gaoliu 高柳,
You 幽州,Dai 代,Macheng 馬城,
You 幽州,Dai 代,Pingshu 平舒,Liuqiuxian 灵丘縣 (town)
You 幽州,Dai 代,Sanggan 桑乾,
You 幽州,Dai 代,Yishi 狋氏,
You 幽州,Daifang 帶方,,
You 幽州,Fanyang 范陽,,
You 幽州,Guangyang 廣陽,,
You 幽州,Lelang 楽浪,,
You 幽州,Liaodong 遼東,,
You 幽州,Liaoxi 遼西,Yangle 陽樂,Liucheng 柳城 (town)
You 幽州,Liaoxi 遼西,Haiyang 海陽,
You 幽州,Liaoxi 遼西,Lingzhi 令支,Guzhucheng 孤竹城 (town)
You 幽州,Liaoxi 遼西,Feiru 肥如,
You 幽州,Liaoxi 遼西,Linyu 臨渝,
You 幽州,Shanggu 上谷,,
You 幽州,Xuantu 玄菟,,
You 幽州,Yan 燕,,
You 幽州,Youbeiping 右北平,Tuyin 土垠,
You 幽州,Yuyang 漁陽,,
You 幽州,Zhuo 诼,Beixincheng 北新城,Fanyuting 樊輿亭 (town)
You 幽州,Zhuo 诼,Fanyang 范陽,
You 幽州,Zhuo 诼,Gu'an 故安,Gexiang 阁乡 (town)
You 幽州,Zhuo 诼,Liangxiang 良鄉,
You 幽州,Zhuo 诼,Qiu 遒,
You 幽州,Zhuo 诼,Wancheng 方城,Linxiang 臨鄉 (town)
You 幽州,Zhuo 诼,Wancheng 方城,Wuruanguan 五阮關 (pass)
You 幽州,Zhuo 诼,Zhuo 诼,Yangxiang 陽鄉 (town)
Yu 豫州,Anfeng 安豐,,
Yu 豫州,Chen 陳,Ku 苦,Laixiang 赖鄉 (town)
Yu 豫州,Chen 陳,Xinping 新平,Gulingju 固陵聚 (town)
Yu 豫州,Liang 梁,Ningling 甯陵,Liucheng 柳城 (town)
Yu 豫州,Liang 梁,Gexiang 葛鄉,
Yu 豫州,Liang 梁,Suiyang 睢陽,Xincheng 新城
Yu 豫州,Liang 梁,Suiyang 睢陽,Yangliangju 陽梁聚 (town)
Yu 豫州,Liang 梁,Yu 虞,Luncheng 綸城 (town)
Yu 豫州,Liang 梁,Yu 虞,Tongting 桐亭 (town)
Yu 豫州,Lu 魯,Bian 卞,Wuxiangcheng 郚鄉城 (town)
Yu 豫州,Lu 魯,Feng 豐,Fenyuting 枌榆亭 (town)
Yu 豫州,Pei 沛,Qi 蘄,Dazexiang 大澤鄉 (town)
Yu 豫州,Pei 沛,Xiao 洨,Gaixiaju 垓下聚 (town)
Yu 豫州,Qiao 譙,,
Yu 豫州,Runan 汝南,Anyang 安陽,Jiangting 江亭 (town)
Yu 豫州,Runan 汝南,Chengfu 城父,Zhanghuatai 章華台 (town)
Yu 豫州,Runan 汝南,Pingyu 平輿,Runan 汝南 (city)
Yu 豫州,Runan 汝南,Pingyu 平輿,Shenting 沈亭 (town)
Yu 豫州,Runan 汝南,Ruyang,
Yu 豫州,Runan 汝南,Shansang 山桑,Chuihuiju 垂惠聚 (town)
Yu 豫州,Runan 汝南,Shen 慎,
Yu 豫州,Runan 汝南,Xihua 西華,
Yu 豫州,Runan 汝南,Xincai 新蔡,Dalüting 大呂亭 (town)
Yu 豫州,Runan 汝南,Xincai 新蔡,Fanyangting 繁陽亭 (town)
Yu 豫州,Runan 汝南,Xincai 新蔡,Geling 葛陵 (town)
Yu 豫州,Runan 汝南,Xiping 西平,Baiting 柏亭 (town)
Yu 豫州,Runan 汝南,Xiping 西平,Tangxiting 棠溪亭 (town)
Yu 豫州,Runan 汝南,Yang'an 陽安,Daoting 道亭 (town)
Yu 豫州,Yingchuan 潁川,Changshe 長社,
Yu 豫州,Yingchuan 潁川,Dingling 定陵,Dongbugeng 東不羹 (town)
Yu 豫州,Yingchuan 潁川,Fucheng 父城,Shichexiang 市車鄉 (town)
Yu 豫州,Yingchuan 潁川,Jia 郟,Yangyinli 奍陰裡 (town)
Yu 豫州,Yingchuan 潁川,Lunshi 輪氏,Kangxiang (town)
Yu 豫州,Yingchuan 潁川,Lunshi 輪氏,Rongyang (city)
Yu 豫州,Yingchuan 潁川,Yangcheng 陽城,Fushuju 负黍聚 (town)
Yu 豫州,Yingchuan 潁川,Yangdi 陽翟,Yingchuan 潁川 (city)
Yu 豫州,Yingchuan 潁川,Yangdi 陽翟,Yangguan 陽關 (town)
Yu 豫州,Yingchuan 潁川,Yingyang 潁陽,Fenqiu 汾丘 (town)
Yu 豫州,Yingchuan 潁川,Yingyang 潁陽,Zhongmou (city)
Yu 豫州,Yiyang 弋陽,,
